id	label	note
E1-001	Y	Same title, same authors, same conference (ECCV 2020), and same publisher (Springer), with DOI matching the proceedings format.
E1-002	Y	Same title, authors, and year; arXiv preprint matches the published BERT paper.
E1-003	Y	Same title, authors, and year match between the bibliography entry and the arXiv paper.
E1-004	Y	Same arXiv ID (2402.12185), same title, same authors, and same year match exactly.
E1-005	Y	Same title, authors, and topic; arXiv 2021 preprint matches WACV 2022 published version.
E1-006	Y	Same title, same authors, and same year; the arXiv preprint matches the bibliography entry.
E1-007	Y	Same title, authors, and year; arXiv preprint matches the CVPR 2017 publication.
E1-008	Y	Same title, same year, same conference (WWW 2005), and the DOI 10.1145/1060745.1060754 corresponds to the WWW 2005 proceedings where this paper was published.
E1-009	Y	Same title and authors match; the arXiv preprint (2020) was later published at CCS 2021.
E1-010	Y	Same title, same authors, same year, and the DOI corresponds to IEEE ICCE 2020 conference proceedings matching the bibliography entry.
E1-011	Y	Same title, same year, and ICLR 2022 matches the arXiv preprint's publication venue.
E1-012	Y	Same title, author, year, and journal match; DOI corresponds to Journal of the Royal Statistical Society Series C.
E1-013	Y	Same title, same authors, and arXiv preprint (2020) matches the published Annual Review (2021) with identical content.
E1-014	Y	The arXiv ID (2211.05100), title, authors, and year all match exactly between the bibliography entry and resolved paper.
E1-015	Y	Same title (modulo capitalization), same authors, same venue (KDD 2024), and same year; DOI confirms published proceedings paper.
E1-016	Y	Same title, authors, and year; the arXiv preprint matches the ICML 2018 conference paper.
E1-017	Y	Same title, authors, and year; arXiv preprint matches the SIGIR 2022 publication.
E1-018	Y	Same title, same year, and Iran Journal of Computer Science is published by Springer (s42044 is the Springer journal ISSN prefix), matching the DOI prefix.
E1-019	Y	Same title, same authors, same year, and IEEE Sensors Journal matches the DOI prefix 10.1109/jsen for IEEE Sensors Journal.
E1-020	Y	The DOI, title, year, and authors match exactly between the bibliography entry and the resolved paper.
E1-021	Y	The resolved arXiv paper has the same title, authors, and year as the bibliography entry, and KDD 2020 papers often have corresponding arXiv preprints.
E1-022	Y	Same title, authors, and year match; arXiv preprint is the same work as the cited paper.
E1-023	Y	Same title, same year, and the DOI prefix 10.1109/icjece matches the IEEE Canadian Journal of Electrical and Computer Engineering (ICJECE is the journal's short form).
E1-024	Y	The arXiv ID 2502.08803 matches exactly between the bibliography entry and the resolved paper.
E1-025	Y	Same paper: arXiv:2012.09164 is the preprint of Point Transformer which was published at ICCV 2021.
E1-026	Y	Same title, authors, and year; the arXiv preprint matches the EMNLP 2022 proceedings paper.
E1-027	Y	The arXiv ID (2311.16483), title, and year match exactly between the bibliography entry and resolved paper.
E1-028	Y	Same title, authors, and year; the arXiv preprint matches the ICML 2012 conference paper.
E1-029	Y	Same title, same conference (VTC Spring 2016), same year, and DOI 10.1109/vtcspring.2016.7504333 corresponds to IEEE VTC Spring 2016.
E1-030	Y	Same title, same journal (TKDE), and the 2012 DOI corresponds to the early access/preprint version of the 2013 published article.
E1-031	Y	Same title, authors, and year; ICLR 2015 is the correct venue for this seminal paper.
E1-032	Y	Same title, same authors, same year, and the DOI prefix 10.1109/rbme matches the journal IEEE Reviews in Biomedical Engineering.
E1-033	Y	Same title, authors, year, and journal match (IEEE Transactions on Neural Systems and Rehabilitation Engineering).
E1-034	Y	The arXiv preprint (2020) and the ICLR 2021 publication are the same paper, just at different stages of publication.
E1-035	Y	Same title, authors, and year; the arXiv preprint is the same work as the NeurIPS 2020 published version.
E1-036	Y	Same title, same authors, same journal, same year, and DOI matches the journal and year.
E1-037	Y	Same title, same authors, same year; the arXiv preprint matches the ICML conference paper.
E1-038	Y	Same title, authors, journal, volume, issue, pages, and year match exactly.
E1-039	Y	Same title, authors, venue (CVPR), and year match exactly.
E1-040	Y	Same title, same authors, and the 2022 NeurIPS proceedings paper matches the arXiv preprint (2023) which is the preprint version of the same work.
E1-041	Y	Same title, same conference (CVPR 2022), same page numbers (7151-7160), and same authors match the DOI record.
E1-042	Y	Same title, same authors, and IJCAI 2017 proceedings paper matches the 2016 arXiv preprint with minor title hyphenation difference.
E1-043	Y	Same title, same year, same journal (Neural Networks is published by Elsevier with DOI prefix matching), and same authors.
E1-044	Y	Same title, authors, and year; NeurIPS workshop 2016 version matches the arXiv preprint.
E1-045	Y	Same title, same year, same author; the Zenodo entry is a digitized version of the classic IJCAI 1995 paper.
E1-046	Y	Same arXiv ID, title, authors, and year match exactly.
E1-047	Y	Same title, authors, and year; the arXiv preprint matches the CVPR 2019 publication.
E1-048	Y	Same title, same authors, same year, and CVPRW 2018 proceedings match the DOI's conference (IEEE CVPRW 2018).
E1-049	Y	Same title, same authors, same venue (CVPR) and same year (2017).
E1-050	Y	Same title, authors, and topic; the arXiv preprint (2022) was published at KDD 2023.
E1-051	Y	Same title, same authors, same year, and IEEE Access matches the venue in the bibliography entry.
E1-052	Y	Same paper: AirLoop with identical authors and topic, where the arXiv preprint (2021) was later published at ICRA 2022.
E1-053	Y	Same title, authors, and year; ECCV 2020 papers often have arXiv preprints with identical content.
E1-054	Y	Same title, same journal (Knowledge-Based Systems), same year (2021), and same article number (106970), with DOI matching the journal pattern.
E1-055	Y	Same title, same year, and same first author match the bibliography entry.
E1-056	Y	Same arXiv ID (1610.10099), same title, same authors, and same year match perfectly.
E1-057	Y	Same title, authors, and year; the arXiv preprint matches the NeurIPS 2014 paper.
E1-058	Y	Same title, authors, venue, year, and DOI match exactly.
E1-059	Y	Same title, same authors, same journal (IEEE TPAMI), and the 2017 DOI corresponds to the published 2018 paper (early access vs. issue publication dates).
E1-060	Y	Same title, authors, and year match; minor formatting differences (hyphens vs spaces) are irrelevant.
E1-061	Y	Same title, authors, and year; the arXiv preprint matches the published ESEC/FSE 2020 paper.
E1-062	Y	Same arXiv ID (1912.06670), same title, and same year match exactly.
E1-063	Y	Same arXiv ID (2204.01154), same title, same authors, and same year match exactly.
E1-064	Y	Same title, authors, and year; the arXiv preprint matches the NeurIPS 2017 conference paper.
E1-065	Y	Same title, authors, and year; the bibliography entry describes the dataset paper, and the DOI resolves to the conference publication of that same work.
E1-066	Y	The arXiv preprint (2022) and the ICML published version (2023) are the same paper with identical title, authors, and topic.
E1-067	Y	Same title, same DOI, same year, and same journal issue details match perfectly.
E1-068	Y	Same title, same year, same SPIE proceedings volume 8714 on Radar Sensor Technology XVII, and DOI 10.1117/12.2016647 corresponds to SPIE proceedings papers.
E1-069	Y	Same arXiv ID (2302.01242), same title, same year, and same authors match.
E1-070	Y	Same title, same year, same venue (OSDI 14), and same authors match between the bibliography entry and resolved paper.
E1-071	Y	Same title, same DOI (case-insensitive match), same year, and same authors.
E1-072	Y	Same title, authors, venue (CVPR), and year match exactly.
E1-073	Y	The arXiv ID, title, authors, and year all match exactly between the bibliography entry and the resolved paper.
E1-074	Y	Same DOI, title, authors, year, and journal match exactly.
E1-075	Y	Same title, authors, and topic; arXiv 2017 preprint matches AAAI 2018 workshop paper.
E1-076	Y	Same paper: the ICCV 2017 published version and arXiv preprint have identical title, authors, and year, with only minor formatting differences ('real-time' vs 'real time').
E1-077	Y	Same title, authors, year, and venue (EMNLP 2014) match between the bibliography entry and the resolved DOI.
E1-078	Y	Same title, same year, same authors, and the DOI 10.1109/icmim.2018.8443507 corresponds to IEEE MTT-S Conference on Microwaves for Intelligent Mobility (ICMIM), matching the proceedings name in the bi
E1-079	Y	Same title, authors, year, and venue (EMNLP 2013), with matching page numbers.
E1-080	Y	Same title, same authors, same year; the arXiv preprint matches the ACL 2020 published paper.
E1-081	Y	Same title, same authors, same year; the arXiv preprint matches the CRV conference paper.
E1-082	Y	Same title, same journal (MDPI Sensors), same year (2020), same article number (956), and DOI 10.3390/s20040956 matches the journal and article number.
E1-083	Y	Same title, authors, and year; the arXiv preprint matches the EMNLP 2020 published paper.
E1-084	Y	Same title, same authors, same journal (MDPI Sensors), same year (2013), and the DOI 10.3390/s131114248 matches the volume 13, issue 11, and page 14248 from the bibliography entry.
E1-085	Y	Same title, authors, and year; arXiv preprint matches the KDD 2020 publication.
E1-086	Y	Same title, same DOI, same authors, same year, and same conference (KDD 2015).
E1-087	Y	The arXiv ID, title, year, and authors all match exactly between the bibliography entry and the resolved paper.
E1-088	Y	Same paper: the title, authors, and year match, and EMNLP 2020 proceedings papers are typically released on arXiv with matching content.
E1-089	Y	Same title, same journal (IEEE TKDE), same year, and matching authors.
E1-090	Y	Same title, same authors, same year, and the DOI 10.1109/icra.2014.6907001 corresponds to the IEEE ICRA 2014 conference proceedings where this paper was published.
E1-091	Y	Same title, same year, same authors (Navarin and Tran), and arXiv:1811.06930 is the CoRR/arXiv identifier for this paper.
E1-092	Y	Same title, same conference (SRDS 2020), and same year match exactly.
E1-093	Y	Same title, author, year, and page numbers (1251-1271) match the DOI's paper.
E1-094	Y	The arXiv ID, title, and year all match between the bibliography entry and the resolved paper.
E1-095	Y	Same title, authors, and year; the arXiv preprint matches the NeurIPS 2017 published paper.
E1-096	Y	Same title, authors, and topic; the arXiv preprint (2020) and ACL publication (2021) are the same work.
E1-097	Y	Same title, same authors, and CVPR 2021 is the published version of the arXiv 2020 preprint.
E1-098	Y	Same title, authors, and year; AKBC 2022 paper matches the arXiv preprint from 2022.
E1-099	Y	Same title, authors, and year; the arXiv preprint matches the CIKM 2021 publication.
E1-100	Y	Same arXiv ID, title, authors, and year match exactly.
E1-101	Y	Same title, authors, year, and arXiv ID match exactly.
E1-102	Y	Same title, same authors, and the arXiv preprint (2022) matches the TMLR journal publication (2022a).
E1-103	Y	Same title and authors; arXiv 2018 paper is the preprint of the NeurIPS 2017 paper (common for NeurIPS papers to appear on arXiv after conference acceptance).
E1-104	Y	Same title, authors, and year; CVPR 2023 proceedings match the arXiv preprint with identical content.
E1-105	Y	Same title, authors, and year; the arXiv preprint matches the NeurIPS 2020 paper.
E1-106	Y	Same title, authors, and year; IJCAI 2021 paper matches the arXiv preprint arxiv:2105.00956.
E1-107	Y	Same title, same authors, same year, and the DOI 10.1007/s10844-022-00733-5 corresponds to Journal of Intelligent Information Systems published by Springer, matching the venue in the bibliography entr
E1-108	Y	Same title (Hygnn: Drug-drug interaction prediction via hypergraph neural network) and authors match; arXiv preprint (2022) and ICDE conference version (2023b) are the same work.
E1-109	Y	Same title, same authors, same year, same venue (AAAI), and same volume 30.
E1-110	Y	Same title, authors, and year; the OpenReview URL in the bibliography matches NeurIPS 2023, which is the published version of the arXiv preprint arxiv:2306.06815.
E1-111	Y	Same title, authors, and year; NeurIPS 2023 paper matches the arXiv preprint.
E1-112	Y	Same arXiv ID (2210.13281), same authors, same title, and same year confirm it's the same paper.
E1-113	Y	Same title, same authors, same year; the NeurIPS published version matches the arXiv preprint.
E1-114	Y	Same title, same year, and same authors; the arXiv preprint matches the EMNLP 2020 Findings paper.
E1-115	Y	Same title, same year, same conference (DASFAA), and authors match.
E1-116	Y	Same title, authors, year, and arXiv identifier match (2208.01099).
E1-117	Y	Same title, same authors, and arXiv preprint (2018) matches the ICML 2020 publication.
E1-118	Y	Same title, same year, same conference (COLING 2020), and page numbers 717-729 match the COLING proceedings.
E1-119	Y	Same title, same authors, same year, and IEEE Access volume 10 matches the DOI prefix 10.1109/access.
E1-120	Y	Same title, authors, and year; ICLR 2021 paper matches the arXiv preprint.
E1-121	Y	Same paper: the ICLR 2022 citation refers to the same LoRA paper that was originally published on arXiv in 2021 (arxiv:2106.09685), with identical authors and title.
E1-122	Y	Same title, same year, same venue (WSDM 2024), and the DOI corresponds to ACM conference proceedings matching the bibliography entry.
E1-123	Y	Same title, same journal (Neurocomputing), and DOI 10.1016/j.neucom.2021.10.050 corresponds to the 2022 Neurocomputing volume 468 paper; the 2021 in the resolved paper refers to the year the DOI was a
E1-124	Y	Same title, authors, and year; arXiv preprint matches the DASFAA 2022 conference paper.
E1-125	Y	Same title, authors, year, and arXiv ID match exactly.
E1-126	Y	Same title, same authors, same year; the arXiv preprint matches the NeurIPS 2021 paper.
E1-127	Y	Same title, same year, same journal (Communications Earth & Environment is the full name of Communications Earth Environment), and DOI prefix 10.1038/s43247 matches Nature Publishing Group journal.
E1-128	Y	Same title, authors, year, and journal (Patterns) match between the bibliography entry and resolved DOI.
E1-129	Y	Same title, authors, and year; the arXiv preprint matches the NeurIPS published version.
E1-130	Y	Same title, authors, and topic; the arXiv preprint (2020) was later published in ASONAM 2021.
E1-131	Y	Same title, authors, and year; arXiv preprint matches the EMNLP 2019 publication.
E1-132	Y	Same title, same authors, and PDCAT 2021 proceedings papers are typically published in Springer LNCS with 2022 publication year; the DOI prefix 10.1007 confirms Springer publication.
E1-133	Y	Same arXiv ID (2112.04359), same title, same year, and same authors match.
E1-134	Y	Same title, authors, and year; NeurIPS 2022 paper matches the arXiv preprint.
E1-135	Y	Same title, authors, and year; ICML 2023 paper matches the arXiv preprint arxiv:2301.12040.
E1-136	Y	The resolved paper arxiv:2003.04030 with title 'learning delicate local representations for multi person pose estimation' (2020) matches the first bibliography entry by Yuanhao Cai et al. (2020) with 
E1-137	Y	Same title, authors, and year; arXiv preprint matches the EMNLP 2022 conference paper.
E1-138	Y	Same title, same DOI, same year, and same authors match exactly.
E1-139	Y	The DOI 10.1307/mmj/1029001150 corresponds to the Michigan Mathematical Journal, and the title, year, and author match exactly.
E1-140	Y	Same title, same authors, same year; the ICML 2021 paper matches the arXiv preprint arxiv:2103.03216.
E1-141	Y	Same title, same authors, same year, and the DOI prefix 10.1109/tevc matches IEEE Transactions on Evolutionary Computation.
E1-142	Y	The DOI, arXiv ID, title, authors, and year all match between the bibliography entry and resolved paper.
E1-143	Y	Same title, authors, and year; arXiv preprint matches the ACL 2022 publication.
E1-144	Y	Same title, authors, and year; arXiv preprint matches the NAACL 2022 published proceedings paper.
E1-145	Y	Same title and authors; arXiv preprint (2020) matches the AAAI published version (2021).
E1-146	Y	Same title, same authors, same year, and the DOI corresponds to the BioNLP workshop proceedings where the paper was published.
E1-147	Y	Same arXiv ID (1703.03400), same authors, and same title with minor formatting differences.
E1-148	Y	Same title, authors, and year; arXiv preprint matches the NAACL 2019 published paper.
E1-149	Y	Same title, same year, same authors, and same venue (NeurIPS/NIPS proceedings) match perfectly.
E1-150	Y	Same title, same year, same conference (ICSE Companion Proceedings), and same author match.
E1-151	Y	Same title, same journal (Knowledge-Based Systems), same year (2022), and same article number (108921), confirming it's the same paper.
E1-152	Y	Same title, same authors, and the arXiv preprint (2023) corresponds to the published ICML 2024 paper.
E1-153	Y	Same title, same authors, same year; the arXiv preprint matches the EMNLP 2022 Findings paper.
E1-154	Y	Same arXiv ID (2303.11879), same title, same authors, and same year match exactly.
E1-155	Y	Same arXiv ID (2210.05197), same authors, same title with minor wording differences (hyphens vs spaces), same year.
E1-156	Y	The arXiv ID, title, authors, and year all match exactly between the bibliography entry and resolved paper.
E1-157	Y	Same title, authors, and year; arXiv preprint matches the KDD 2022 published version.
E1-158	Y	Same arXiv ID (2309.07601), same title, same authors, and same year.
E1-159	Y	Same arXiv ID (2311.09263), same title, same authors, and same year.
E1-160	Y	The titles match exactly, both are from 2023, and the DOI 10.1126/science.adi2336 corresponds to the Science journal article with the same authors and page numbers (1416-1421) as cited.
E1-161	Y	Same title, same year, and NeurIPS is a top AI conference where this paper would be published, matching the resolved paper.
E1-162	Y	Same title, same authors, same journal, same year, and the DOI matches Computational and Structural Biotechnology Journal.
E1-163	Y	Same arXiv ID (2210.12338), same title, same authors, and same year.
E1-164	Y	The arXiv ID, title, authors, and year all match exactly.
E1-165	Y	Same title, authors, year, and Springer publication; DOI 10.1007/3-540-47922-8_8 matches the conference proceedings volume.
E1-166	Y	Same title, same conference (2021 40th Chinese Control Conference), same year, and the DOI corresponds to the IEEE conference proceedings.
E1-167	Y	Same title, authors, and year; arXiv preprint matches the ACL 2019 proceedings paper.
E1-168	Y	Same title, same authors, same year, and the DOI corresponds to IEEE TCSS journal which matches the bibliography entry.
E1-169	Y	Same title, authors, year, and DOI match exactly.
E1-170	Y	Same title, same DOI, same authors, and same journal; the only difference is the year (2020 in bibliography vs 2019 in resolved paper), which is likely the publication vs. online/early access year, ma
E1-171	Y	Same title, same DOI, and same authors; the 2020 in the resolved paper refers to the publication year in the DOI, while the bibliography entry shows the journal issue year 2022.
E1-172	Y	Same title, authors, and year; arXiv preprint matches the ACL 2018 published version.
E1-173	Y	Same title, authors, year, and venue (NAACL 2019) match perfectly.
E1-174	Y	Same title and authors, with the arXiv preprint (2018) matching the published WACV conference paper (2019).
E1-175	Y	The arXiv preprint 1902.00751 is the same work as the ICML 2019 paper, just in preprint form before publication.
E1-176	Y	Same paper: the arXiv preprint (2019) and ACL proceedings version (2020) are the same work with identical title and authors.
E1-177	Y	Same arXiv ID (2310.06839), same title, same authors, and same year.
E1-178	Y	Same title, authors, and year; arXiv preprint matches the CIKM 2022 published version.
E1-179	Y	Same title, authors, and year; the arXiv preprint matches the ICML 2015 conference paper.
E1-180	Y	Same title, authors, and year; NeurIPS 2022 paper matches arXiv preprint arxiv:2208.09913.
E1-181	Y	Same title, same authors, and the arXiv preprint (2021) was later published at ICML (2022) as cited.
E1-182	Y	Same title, authors, and year; ACL 2021 paper matches the arXiv preprint arxiv:2108.02866.
E1-183	Y	Same title, same authors, same DOI/arXiv ID (2308.06463), and same year.
E1-184	Y	Same title, authors, year, and journal name (Applied Intelligence matches doi prefix 10.1007/s10489 which is Springer Nature's Applied Intelligence journal).
E1-185	Y	Same title, authors, and year; arXiv preprint matches the KDD 2018 published paper.
E1-186	Y	The arXiv ID 2405.04180 matches exactly between the bibliography entry and the resolved paper.
E1-187	Y	Same title and authors; ICLR 2019 is the published version of the arXiv 2018 preprint.
E1-188	Y	Same title, same year, and same authors match the bibliography entry exactly.
E1-189	Y	Same title, same authors, same year, and BIBM conference matches the DOI's IEEE BIBM conference.
E1-190	Y	Same paper: the arXiv preprint (2022) was later published at ICLR 2023, with identical title and authors.
E1-191	Y	Same title and authors; arXiv 2021 preprint matches ACL 2022 published version.
E1-192	Y	Same title, same authors, and the arXiv preprint (2022) corresponds to the ICCV published version (2023).
E1-193	Y	Same title and authors; the arXiv preprint (2023) was later published in TMLR (2024), which is a common publication pattern.
E1-194	Y	Same title, authors, year, and DOI match exactly.
E1-195	Y	The DOI, title, year, and authors all match exactly between the bibliography entry and the resolved paper.
E1-196	Y	Same title, authors, journal, year, and volume/issue/pages match the DOI's publication details.
E1-197	Y	Same title, authors, and year; arXiv:2103.00020 is the preprint of the ICML 2021 paper on CLIP.
E1-198	Y	Same title, authors, and year; arXiv preprint matches the WWW 2019 published paper.
E1-199	Y	Same title, same year, and the arXiv paper is the preprint of the SIGIR 2019 publication.
E1-200	Y	Same arXiv ID (1510.03055), same title, same year, and same authors.
