folder_path,nugget_coverage
C:/Users/D0n9/Desktop/CompileScholar/.research_tmp/experiments/benchmarks/cs2/arm_storm_dsb/indexed/24,0.0
C:/Users/D0n9/Desktop/CompileScholar/.research_tmp/experiments/benchmarks/cs2/arm_storm_dsb/indexed/25,0.5333333333333333
C:/Users/D0n9/Desktop/CompileScholar/.research_tmp/experiments/benchmarks/cs2/arm_storm_dsb/indexed/26,0.13333333333333333
C:/Users/D0n9/Desktop/CompileScholar/.research_tmp/experiments/benchmarks/cs2/arm_storm_dsb/indexed/27,0.38461538461538464
C:/Users/D0n9/Desktop/CompileScholar/.research_tmp/experiments/benchmarks/cs2/arm_storm_dsb/indexed/28,0.17647058823529413
C:/Users/D0n9/Desktop/CompileScholar/.research_tmp/experiments/benchmarks/cs2/arm_storm_dsb/indexed/29,0.16666666666666666
C:/Users/D0n9/Desktop/CompileScholar/.research_tmp/experiments/benchmarks/cs2/arm_storm_dsb/indexed/30,0.46153846153846156
C:/Users/D0n9/Desktop/CompileScholar/.research_tmp/experiments/benchmarks/cs2/arm_storm_dsb/indexed/31,0.17647058823529413
C:/Users/D0n9/Desktop/CompileScholar/.research_tmp/experiments/benchmarks/cs2/arm_storm_dsb/indexed/32,0.26666666666666666
C:/Users/D0n9/Desktop/CompileScholar/.research_tmp/experiments/benchmarks/cs2/arm_storm_dsb/indexed/33,0.23529411764705882
C:/Users/D0n9/Desktop/CompileScholar/.research_tmp/experiments/benchmarks/cs2/arm_storm_dsb/indexed/34,0.13333333333333333
C:/Users/D0n9/Desktop/CompileScholar/.research_tmp/experiments/benchmarks/cs2/arm_storm_dsb/indexed/35,0.21428571428571427
